,Statistic,No.,Image,Name,Pos.,Ht.,Wt.,Cl.,Hometown/High School,Previous School,Major,Twitter,Instagram,Opendorse,Title
0,,1.0,,Todd Bradley-Glenn,LB,6-0,230.0,7th Year,"Valdosta, Ga. / Valdosta",,Construction Engineering,TBG11_,TBG11_,todd-bradley-glenn,
1,,1.0,,Jeremy Singleton,WR,6-0,190.0,R-Sr.,"New Orleans, La. / Brother Martin",Houston,Liberal Studies,Jerms3_,_j3rm,jeremy-singleton,
2,,2.0,,Derwin Burgess Jr.,WR,5-11,185.0,So.,"Riverdale, Ga. / Riverdale",,Sport Management,Derwinnn2,Billi0naire.dee,derwin-burgess-jr,
3,,2.0,,Justin Ellis,DL,6-2,255.0,6th Year,"Roswell, Ga. / Roswell",Syracuse,Economics,,justin_ellis44,justin-ellis,
4,,4.0,,Tyler Bride,DB,5-10,180.0,Jr.,"Atlanta, Ga. / Greater Atlanta Christian",,Supply Chain Management,TylerBride2,Tylerbride4,tyler-bride,
5,,4.0,,Gerald Green,RB,5-9,195.0,R-Jr.,"Columbus, Ga. / East Coweta",,Interdisciplinary Studies,geraldgreen1999,thaboyg,gerald-green,
6,,5.0,,Wylan Free,DB,6-2,180.0,6th Year,"Compton, Calif. / Lynwood",Fresno State,Africana Studies,wylan8,,wylan-free-profile,
7,,5.0,,Amare Jones,WR,5-11,195.0,5th Year,"Frisco, Texas / Frisco Heritage",Tulane,Interdisciplinary Studies,AJonesEra,ajonesera,amare-jones,
8,,6.0,,NaJee Thompson,DB,5-11,205.0,5th Year,"Boiling Springs, S.C. / Boiling Springs",,Interdisciplinary Studies,najee_thompson,najee_7,najee-thompson,
9,,6.0,,Kyle Vantrease,QB,6-2,225.0,6th Year,"Stow, Ohio / Stow-Munroe",Buffalo,Business Administration,KVT6_,kyle_v06,kyle-vantrease,
10,,7.0,,Anthony Beck II,P,6-4,245.0,R-Sr.,"Guyton, Ga. / South Effingham",,Management,anthony_beck4,anthony_beck4,anthony-beck,
11,,7.0,,Khaleb Hood,WR,5-10,180.0,Sr.,"McDonough, Ga. / Eagles Landing Christian",Air Force Prep,Interdisciplinary Studies,khaleb_j,kjhood7,khaleb-hood,
12,,9.0,,Khadry Jackson,LB,6-1,230.0,Sr.,"Orlando, Fla. / Windermere Prep",North Carolina,Interdisciplinary Studies,K1llaKhad,killakhad,khadry-jackson,
13,,9.0,,Jjay Mcafee,TE,6-3,220.0,5th Year,"Charleston, S.C. / Ashley Ridge",Georgia Military College,Interdisciplinary Studies,JjayM_12,thedivine1_,jjay-mcafee,
14,,10.0,,Jalen Denton,DB,5-10,180.0,R-So.,"Memphis, Tenn. / Lausanne Collegiate",Ole Miss,Communication Studies,dentonjae,jae_fresco,jalen-denton,
15,,10.0,,Darius Lewis,WR,5-10,180.0,R-Jr.,"Jacksonville, Fla. / First Coast",,Interdisciplinary Studies,dariuskelo,kelo.4,darius-lewis,
16,,11.0,,Kevon Glenn,LB,6-2,240.0,R-Jr.,"Riverdale, Ga. / Dutchtown",Florida State,Interdisciplinary Studies,kevontglenn,ke.von11,kevon-glenn,
17,,11.0,,Beau Johnson,TE,6-1,230.0,R-Jr.,"Plantation, Fla. / American Heritage",,Interdisciplinary Studies,beau_johnson23,beau_johnson23,beau-johnson-profile,
18,,12.0,,David Dallas,QB,6-0,205.0,Fr.,"Sharpsburg, Ga. / Trinity Christian",,Sport Management,daviddallas323,daviddallas323,david-dallas,
19,,12.0,,Anthony Wilson,DB,5-10,200.0,R-Jr.,"Columbia, S.C. / Spring Valley",,Interdisciplinary Studies,AnthonyWilson_4,anthony__wilson,anthony-wilson,
20,,13.0,,Derrick Canteen,DB,5-11,190.0,R-Jr.,"Evans, Ga. / Evans",,Interdisciplinary Studies,_canteen,_cxnteen,derrick-canteen,
21,,13.0,,Connor Cigelske,QB,6-0,195.0,R-So.,"Atlanta, Ga. / Marist School",,Economics & Political Science (double),CigelskeConnor,connor_cigelske,connor-cigelske,
22,,14.0,,Sam Kenerson,WR,5-9,170.0,R-So.,"Baton Rouge, La. / Central",,Interdisciplinary Studies,richhomiesam6,samkenerson14,sam-kenerson,
23,,14.0,,Ashton Whitner,DB,6-0,200.0,Fr.,"Greenville, S.C. / Greenville",,Management,ashton_whitner,ashton_whitner,Ashton-Whitner,
24,,15.0,,Zak Rozsman,QB,6-3,200.0,Fr.,"Marietta, Ga. / Walton",,Biochemistry,realzakrozsman,zak_rozsman,,
25,,15.0,,Quin Williams,DL,6-3,270.0,R-Sr.,"Madison, Ga. / Morgan County",,Interdisciplinary Studies,15_QuinWilliams,quin.williams15/,quin-williams,
26,,16.0,,Tyrell Davis,DB,6-1,195.0,So.,"Harrisburg, N.C. / Hickory Ridge",,Marketing,TyrellD28,Jaydizzy6,tyrell-davis,
27,,16.0,,Colton FitzGerald,QB,6-2,195.0,R-Fr.,"Santa Clarita, Calif. / Saugus",Boise State,Kinesiology,ColtonFitzz,coltonfitz16_,colton-fitzgerald,
28,,17.0,,Richie Lankford,QB,6-3,200.0,So.,"McDonough, Ga. / Community Christian",College of San Mateo,Business Administration,richielankford_,richielankford,rachie-lankford,
29,,17.0,,TJ Lewis,WR,6-4,185.0,R-Fr.,"Brunswick, Ga. / Glynn Academy",Louisville,Criminal Justice,__tjlewis,x.tjlewis,,
30,,17.0,,Myzel Williams,DB,6-0,190.0,So.,"Deltona, Fla. / Deltona",,Multimedia Journalism,WilliamsMyzel,myzelwilliams_,myzel-williams,
31,,18.0,,Justin Birdsong,DB,5-11,185.0,5th Year,"Lithonia, Ga. / Stephenson",,Interdisciplinary Studies,justinbirdsong7,athbird,justin-birdsong,
32,,18.0,,Josh Dallas,WR,6-2,210.0,Fr.,"Sharpsburg, Ga. / Trinity Christian",,Business,joshdallas_18,joshdallas_18,josh-dallas,
33,,19.0,,Alex Raynor,K,5-11,190.0,R-Jr.,"Kennesaw, Ga. / Harrison",,Marketing,acraynor1,acraynor,alexander-raynor,
34,,19.0,,Kyle Toole,QB,6-2,200.0,R-So.,"Leesburg, Ga. / Lee County",Troy,Economics,,,,
35,,20.0,,Terrance Gibbs,RB,6-0,205.0,Fr.,"Winter Park, Fla. / Winter Park",,Management,mTerrance122,t1gibbs,,
36,,20.0,,Seth Robertson,DB,5-10,190.0,Jr.,"Madison, Ga. / Morgan County",,Interdisciplinary Studies,SRob_14,seth.rob20,seth-robertson,
37,,21.0,,Zyon McGee,LB,6-1,215.0,R-Sr.,"Bainbridge, Ga. / Bainbridge",,Psychology,McgeeZyon,zee_certified,zyon-mcgee,
38,,21.0,,Marcus Sanders Jr.,WR,6-3,195.0,Fr.,"Montezuma, Ga. / Macon County",,Sport Management,MarcusSandersJ3,,marcus-sanders-jr,
39,,22.0,,OJ Arnold,RB,5-10,180.0,Fr.,"Quitman, Ga. / Brooks County",,Sport Management,itsmari_12,ok.mari1k,Omari-Arnold,
40,,22.0,,Marc Stampley II,DB,5-11,180.0,Fr.,"Peachtree City, Ga. / Starr's Mill",,Engineering,marc_stampley,,marc-stampley-ll,
41,,23.0,,Tyler Jordan,RB,6-0,215.0,R-Jr.,"Macon, Ga. / Stratford Academy",Georgia Military College,Sport Management,tyjordan_4,tyjordan_4,tyler-jordan,
42,,23.0,,Mari Wingard,DB,6-0,185.0,5th Year,"Charlotte, N.C. / Ardrey Kell",Elon,Finance,,mariwingard,shamari-wingard,
43,,24.0,,Jailen Barber,DB,6-2,170.0,Fr.,"Snellville, Ga. / South Gwinnett",,Management,jailenbarber,_jai7en,,
44,,24.0,,Joshua Thompson,WR,5-11,170.0,Fr.,"Johns Creek, Ga. / Johns Creek",,Sport Management,JT_Jet5,,Joshua-Thompson,
45,,25.0,,Quincy Bonner,DB,6-2,185.0,R-Fr.,"Lithonia, Ga. / Meadowcreek",Army West Point Prep,Exercise Science,bonner_quincy,quincy.wb,quincy-bonner,
46,,25.0,,Jalen White,RB,6-0,215.0,Jr.,"Daleville, Ala. / Daleville",,Interdisciplinary Studies,JalenJWhite1,jwhite.xxv,jalen-white,
47,,26.0,,Dalen Cobb,WR,5-10,195.0,Fr.,"Washington, Ga. / Washington-Wilkes",,Health & Physical Education,DalenCobb1,iamdalencobb,dalen-cobb,
48,,26.0,,Justin Nelson,DB,5-11,180.0,R-Jr.,"Lithonia, Ga. / Arabia Mountain",U.S. Naval Academy,Computer Science,Justinn0725,Jusstxn,justin-nelson,
49,,27.0,,Ethan Dirrim,TE,6-3,225.0,Jr.,"Canton, Ga. / Creekview",Mercer,Psychology,ethandirrim,ethandirrim,ethan-dirrim,
50,,27.0,,Isaac Walker,DL,6-2,225.0,R-Fr.,"Greensboro, N.C. / Hough",,Sociology,ikefromda6,isaacjamaal,isaac-walker-profile,
51,,28.0,,Ezrah Archie,WR,6-0,190.0,6th Year,"Sicklerville, N.J. / Timber Creek",Monmouth,Multimedia and Film Production,ezraharchie,ezraharchie,ezrah-archie,
52,,28.0,,Zyere Horton,LB,6-2,200.0,Fr.,"Woodstock, Ga. / Milton",,Management,zyerehorton,zyerehorton,zyere-horton,
53,,29.0,,AJ Brown,RB,5-6,175.0,R-Jr.,"Grovetown, Ga. / Harlem",,Interdisciplinary Studies,aj_brown22,yeahits_aj,aj-brown-_iYCm15w,
54,,29.0,,Justin Meyers,DB,5-11,200.0,R-Fr.,"Washington, Ga. / Washington Wilkes",,Health & Physical Education,_Justin9_,justinn9__,justin-meyers,
55,,30.0,,Alex Bowen,WR,6-0,190.0,R-So.,"Glen Saint Mary, Fla. / Baker County",,Exercise Science,alexbowen2323,alexbowen10,Alex-Bowen,
56,,30.0,,Jack Ferguson,DB,5-11,175.0,R-So.,"Marietta, Ga. / Lassiter",,Multimedia Journalism,,__jackferguson__,jack-ferguson,
57,,31.0,,Chase Dial-Watson,DB,5-10,195.0,R-So.,"Gainesville, Ga. / Flowery Branch",,Finance,chase_watson26,chasedialwatson,chase-dial-watson,
58,,31.0,,Brooks Pangle,QB,6-0,175.0,Fr.,"Appling, Ga. / Greenbrier",,Management,brooks_pangle,brookspangle,,
59,,32.0,,Kevin Speed,DB,6-1,185.0,Fr.,"Cairo, Ga. / Cairo",,Marketing,K3vinspeed,K3vinspeed,kevin-speed,
60,,33.0,,Robert Edwards III,RB,5-11,205.0,Fr.,"Columbus, Ga. / Columbus",,Exercise Science,kvng_rob3,kvngg_robert3,robert-edwards-iii,
61,,33.0,,Marques Watson-Trent,LB,5-11,220.0,R-So.,"Beaver Falls, Pa. / Blackhawk",,Interdisciplinary Studies,_MW23__,finessin_marmar,maruqes-watson-trent,
62,,34.0,,Jon Ferguson,LB,6-1,230.0,R-Sr.,"Manchester, Ga. / Manchester",,Interdisciplinary Studies,jontaviou74,_da_truth34,jontavious-ferguson,
63,,35.0,,Chandler Dial-Watson,DB,5-11,200.0,R-So.,"Gainesville, Ga. / Flowery Branch",,Finance,dial_watson21,c_wats0n,chandler-dial-watson,
64,,35.0,,Terron Dixon II,RB,5-10,185.0,R-Jr.,"Pembroke, Ga. / Bryan County",LaGrange,Psychology,terron_dixon2,thattboyy.td,terron-dixon,
65,,36.0,,Justin Howell,WR,5-11,185.0,R-Jr.,"Snellville, Ga. / Shiloh",,Computer Science,JZ3Howell,justinhowell_,justin-howell,
66,,36.0,,Treston Jordan,DB,6-0,200.0,Fr.,"Alpharetta, Ga. / Denmark",,Management,TrestonJordan,,treston-jordan,
67,,37.0,,Quincy Darnell,LB,6-2,210.0,R-Jr.,"Alpharetta, Ga. / Johns Creek",,Exercise Science,quincydarnell10,quincydarnell_,quincy-darnell,
68,,39.0,,Reid Dedman,LB,5-11,200.0,R-Jr.,"Carrollton, Ga. / Carrollton",,Interdisciplinary Studies,The_reid_Dedman,The_reid_Dedman,reid-dedman,
69,,40.0,,Jalen Jackson,LB,6-0,235.0,Jr.,"Athens, Ga. / Cedar Shoals",,Interdisciplinary Studies,,_.saucey7,jalen-jackson,
70,,41.0,,Tracy Hill Jr.,DB,6-2,180.0,Fr.,"Athens, Ga. / Clarke County",Georgia Knights Prep Academy,Computer Science,9_golive,,Tracy-Hill,
71,,41.0,,Nathan Tillman,LS,6-0,225.0,R-Fr.,"Claxton, Ga. / Claxton",,Sport Management,24nate_,,nathan-tillman,
72,,42.0,,Dillon Springer,DL,6-1,255.0,6th Year,"Baton Rouge, La. / Midland (TX)",Trinity Valley CC,Interdisciplinary Studies,dilman42,dill_what_it_is,dillon-springer,
73,,43.0,,Jacob Hammonds,LB,6-3,200.0,Fr.,Griffin Ga. / Griffin,,Management,hammonds224,,jacob-hammonds,
74,,44.0,,Jeffrey Smyth,LB,5-11,195.0,R-Jr.,"Beaufort, S.C. / Beaufort",Presbyterian,Exercise Science,jeffreytsmyth,jeffreytsmyth,jeffrey-smyth,
75,,45.0,,MJ Stroud,LB,6-3,225.0,Fr.,"Covington, Ga. / Alcovy",,Sport Management,mjstroud18_,,,
76,,46.0,,Andrew Douglas,DB,5-11,190.0,R-Fr.,"Decatur, Ga. / Mount Vernon",,Management,AndrewDoug6,drew_king_5,andrew-douglas,
77,,47.0,,Elijah Hynes,DB,6-0,205.0,Fr.,"Watkinsville, Ga. / Prince Avenue Christian",,Exercise Science,Yayahynes_2,Yayahynes_2,Elijah-Hynes,
78,,47.0,,Jordan Pearson,RB,5-9,205.0,R-Jr.,"Laurens, S.C. / Laurens",Palmetto Prep,Supply Chain Management,JordanPearson_2,jordanpearson2,jordan-pearson,
79,,48.0,,Zack Blackwell,LB,6-0,230.0,Fr.,"Augusta, Ga. / Augusta Christian",,Construction Management,Zackblackwell6,Zackc.blackwell,Zach-Blackwell,
80,,48.0,,Dylan Snyder,TE,6-4,245.0,R-Fr.,"Florence, S.C. / West Florence",The Citadel,Biology,,dylan_snyder43,dylan-snyder,
81,,49.0,,Javian Boykin,LB,6-0,235.0,R-Jr.,"Snellville, Ga. / Grayson",,Construction Management,Javian_Boykin,jvn26,javian-boykin,
82,,50.0,,Caleb Kelly,OL,6-2,285.0,6th Year,"Warner Robins, Ga. / Northside",,Sport Management,calebb_k,_calebbk,caleb-kelly-icNuPww4,
83,,52.0,,Brandon Wilson,DL,6-1,265.0,Jr.,"Beaufort, S.C. / Battery Creek",,Computer Engineering,7Braxxwilson,kvnng__b,brandon-wilson,
84,,53.0,,Trevon Locke,DL,6-2,305.0,R-So.,"Savannah, Ga. / Benedictine Military",,Interdisciplinary Studies,TrevonLocke17,_juice_8,trevon-locke,
85,,54.0,,Ethan Ingram,OL,6-4,300.0,R-Fr.,"Gainesville, Fla. / Buccholz",Marshall,Exploratory,EthanIngram55,Ethan.ingram,Ethan-Ingram,
86,,55.0,,Danny Corbett,OL,6-4,300.0,6th Year,"Lake Park, Ga. / Lowndes",Campbell,Communication Studies,,,,
87,,55.0,,Ky Tayo,DL,6-2,310.0,Fr.,"Columbia, S.C. / Spring Valley",,Management,KyTayo,Kyy3x._,ky-tayo,
88,,56.0,,Brian Miller,OL,6-3,295.0,6th Year,"Savannah, Ga. / Memorial Day",,Interdisciplinary Studies,B_Millz56,b_millz0,brian-miller,
89,,57.0,,Latrell Bullard,DL,6-0,345.0,Fr.,"Smyrna, Ga. / North Cobb",,Sport Management,trellbullard7,,Latrell-Bullard,
90,,57.0,,Chandler Strong,OL,6-3,290.0,Fr.,"Warner Robins, Ga. / Houston County",,Exploratory,ChanStrong03,chandler.strong,Chandler-Strong,
91,,58.0,,Aaron Pyron,OL,6-4,305.0,R-Jr.,"Stone Mountain, Ga. / Arabia Mountain",,Interdisciplinary Studies,The0fficial_AP,the0fficial.ap,aaron-pyron,
92,,60.0,,Rasheed Miller,OL,6-6,315.0,R-So.,"Lake Wales, Fla. / Lake Wales",,Interdisciplinary Studies,1rasheedmiller,rasheedmiller1,rasheed-miller,
93,,62.0,,Michael Jubran,OL,6-0,300.0,R-Jr.,"Jacksonville, Fla. / Bolles School",Presbyterian,Interdisciplinary Studies,michael_jubran,michaeljubran_1,michael-jubran,
94,,63.0,,Teva Reynolds,OL,6-1,280.0,R-Jr.,"Kamuela, Hawaii / Kamehameha Schools Hawaii",Mt. San Antonio College,Interdisciplinary Studies,TevaReynolds,hayn_boi808,teva-reynolds,
95,,64.0,,Caelan Williams,OL,6-7,305.0,R-So.,"Dublin, Ga. / Trinity Christian",,International Economics,caelanRwilliams,caelan.williams/,caelan-williams,
96,,65.0,,Vontrez Jackson,OL,6-3,325.0,Fr.,"Augusta, Ga. / T.W. Josey",,Civil Engineering,71vontrez,Jacksonvontrez,,
97,,66.0,,Logan Langemeier,OL,6-4,285.0,5th Year,"South Lake Tahoe, Calif. / South Tahoe",Jacksonville Univ.,Accounting,LangemeierLogan,logan_langemeier5,logan-langemeier,
98,,67.0,,Cameron Orr,OL,6-6,305.0,6th Year,"Golden, Miss. / Itawamba Agricultural",Elon,Health & Physical Education,OrrCameronorr,cam_orr77,,
99,,68.0,,Nate Lewis,OL,6-3,270.0,Fr.,"Hazlehurst, Ga. / Jeff Davis",,Health & Physical Education,natelewis721,natelewiss,nate-lewis,
100,,72.0,,Khalil Crowder,OL,6-1,305.0,R-Sr.,"Carrollton, Ga. / Carrollton",,Interdisciplinary Studies,CrowderKhalil,khalil0108,khalil-crowder,
101,,73.0,,Chas Collins,OL,6-6,280.0,R-Fr.,"Statesboro, Ga. / Bulloch Academy",,Civil Engineering,ChasCollins_73,ccollins_73,chas-collins,
102,,74.0,,Pichon Wimbley,OL,6-2,305.0,Fr.,"Moreland, Ga. / Newnan",,Exercise Science,,pwimbley04,pichon-wimbley,
103,,75.0,,Korbett MacGregor,OL,6-4,280.0,Fr.,"Reidsville, Ga. / Pinewood Christian Academy",,Exercise Science,KorbettMacGreg01,kmacgregor03,Korbett-Macgregor,
104,,77.0,,Griffin Carder,OL,6-4,290.0,R-Jr.,"Leesburg, Ga. / Lee County",,Management,cardergriffin,bigguccigriff__,griffin-carder,
105,,78.0,,Caleb Cook,OL,6-2,300.0,R-Fr.,"Brunswick, Ga. / Brunswick",,Multimedia Journalism,CJCook78,CJCook78,caleb-cook,
106,,79.0,,Kaylen Wright,DL,6-4,260.0,R-Sr.,"Grove Hill, Ala. / Lanier County",,Anthropology,TRENCHES_79,,kaylen-wright,
107,,80.0,,Jeb Beshears,WR,5-11,175.0,Fr.,"Monticello, Fla. / Maclay School",,Business,JebBeshears3,jebbeshears,,
108,,81.0,,Parker Self,WR,6-2,200.0,R-So.,"Douglasville, Ga. / South Paulding",Florida State,Business Management,parkerself4,paself7,parker-self,
109,,82.0,,JT Galloway,WR,5-11,190.0,R-Sr.,"Bradenton, Fla. / Southeast",Savannah State,Interdisciplinary Studies,king_Galloway11,king_Galloway11,jt-galloway,
110,,82.0,,Britton Williams,K,5-11,180.0,So.,"Richmond Hill, Ga. / Richmond Hill",,Communication Studies,BrittonW05,_britton.williams_,britton-williams,
111,,83.0,,Chase Hancock,TE,6-0,235.0,Sr.,"Macclenny, Fla. / Baker County",,Marketing,ChaseH_88,chase_hancock_,chase-hancock,
112,,84.0,,Braxton Slack,TE,6-4,240.0,Fr.,"Tifton, Ga. / Tift County",,Finance,BraxtonSlack1,braxtonslack1,braxton-slack,
113,,85.0,,Emil Smith,WR,6-1,205.0,R-Jr.,"Attalla, Ala. / Etowah",,Interdisciplinary Studies,E_Smith_10,e.smith.10,emil-smith,
114,,86.0,,Graeme Williams,WR,6-1,175.0,R-Fr.,"Monticello, Ga / Jasper County",,Mechanical Engineering,THROITTO11,graeme_will1166,graeme-williams,
115,,87.0,,Evan Lester Jr.,TE,6-2,215.0,R-Fr.,"Dalton, Ga. / Christian Heritage School",,Interdisciplinary Studies,evanlester_10,evanlester_10,evan-lester,
116,,88.0,,Lawson Bachelder,WR,6-4,205.0,Jr.,"Augusta, Ga. / Aquinas",Presbyterian,Business,lawsonbachelder,lawbach,Lawson-Bachelder,
117,,89.0,,Matthew Daniel,WR,5-11,175.0,R-Jr.,"Richmond Hill, Ga. / Richmond Hill",West Virginia,Finance,matthewdaniell_,_matthewdaniel,matthew-daniel-profile,
118,,89.0,,Jackson Wheeler,LS,6-3,245.0,R-Jr.,"Bainbridge, Ga. / Bainbridge",,Exercise Science,jcwheeler14,jackson__wheeler,jackson-wheeler,
119,,90.0,,Parker Devine,DL,6-3,280.0,R-Sr.,"Jacksonville, Fla. / Bartram Trail",,Interdisciplinary Studies,Parker_Devine99,Parker.Devine,parker-devine,
120,,91.0,,Davion Rhodes,DL,6-2,240.0,R-Fr.,"Camilla, Ga. / Pelham",,Management,DavionRhodes00,Godz9ine,Davion-Rhodes,
121,,92.0,,Kristian Varner,DL,6-3,290.0,R-Jr.,"Hiram, Ga. / Hiram",North Carolina,Interdisciplinary Studies,VarnerKristian,kristianvarner,kristian-varner,
122,,93.0,,Da'Shawn Davis,DL,6-2,280.0,Fr.,"Charlotte, N.C. / Hough",,Management,Dashawn704,,Da'Shawn-Davis,
123,,93.0,,Gaines Wood,LS,6-0,200.0,Fr.,"Atlanta, Ga. / North Atlanta",,Business,Gaines_WoodLS,Gaines_Wood,Gaines-Wood,
124,,94.0,,Elhadj Fall,DL,6-3,270.0,Fr.,"Marietta, Ga. / Osborne",,Economics,ElhadjFall91,,Elhadj-Fall,
125,,95.0,,Amaru Herring,DL,6-1,300.0,R-Jr.,"Beulaville, N.C. / East Duplin",,Management,herringamaru,amaru_herring95,amaru-herring,
126,,95.0,,Mark Langston,LS,6-0,210.0,R-Jr.,"Savannah, Ga. / Savannah Christian",Kennesaw State,Marketing Sales,longSnapMark,updownqb,mark-langston,
127,,96.0,,Chase Folser,K,5-11,160.0,Fr.,"McDonough, Ga. / Ola",,Communication Studies,Chasefolser,Chasefolser,Chase-Folser,
128,,96.0,,LJ McCloud,DL,6-0,275.0,R-Fr.,"Pike Road, Ala. / Pike Road",,Psychology,0nly1Ski,0nly1ski,Lawrence-McCloud,
129,,97.0,,Bryce Christensen,K,5-11,195.0,R-Sr.,"Suwanee, Ga. / Lambert",,Management,becboy23,bryce_christensen,bryce-christensen,
130,,97.0,,Myles Winslow,DL,6-3,250.0,R-Fr.,"Orlando, Fla. / Tohopekaliga",,Marketing,Myleswin101,_myleswin11,myles-winslow,
131,,98.0,,Michael Lantz,K,6-0,180.0,R-Jr.,"Peachtree City, Ga. / Starr's Mill",Minnesota,Communications,Michaellantz38,Michaellantz.38,michael-lantz,
132,,99.0,,Walker Bradberry,P,6-0,160.0,R-Fr.,"Athens, Ga. / Clarke Central",,Marketing,walkerbradberry,walkerbradberry,walker-bradberry,
133,,99.0,,Kierron Smith,DL,6-0,325.0,R-Jr.,"Fitzgerald, Ga. / Fitzgerald",,Interdisciplinary Studies,SmithKierron,keeeehefner,kierron-smith,
0,,,,Clay Helton,,,,,,,,,,,Head Coach
1,,,,Kevin Whitley,,,,,,,,,,,Assistant Head Coach (Cornerbacks)
2,,,,Bryan Ellis,,,,,,,,,,,Assistant Coach (Offensive Coordinator/Quarterbacks)
3,,,,Will Harris,,,,,,,,,,,Assistant Coach (Defensive Coordinator/Secondary)
4,,,,Ryan Aplin,,,,,,,,,,,Assistant Coach (Tight Ends/Inside Receivers/Pass Game Coordinator)
5,,,,Marcus Davis,,,,,,,,,,,Assistant Coach (Wide Receivers)
6,,,,Matt Merritt,,,,,,,,,,,Assistant Coach (Running Backs)
7,,,,Richard Owens,,,,,,,,,,,Assistant Coach (Offensive Line/Run Game Coordinator)
8,,,,Rip Rowan,,,,,,,,,,,Assistant Coach (Defensive Line)
9,,,,Aaron Schwanz,,,,,,,,,,,Assistant Coach (Linebackers)
10,,,,Turner West,,,,,,,,,,,Assistant Coach (Special Teams Coordinator)
11,,,,Malcolm Askew,,,,,,,,,,,Graduate Assistant - Offense
12,,,,Noah Fisher,,,,,,,,,,,Graduate Assistant - Offense
13,,,,Drew Gaither,,,,,,,,,,,Graduate Assistant - Defense
14,,,,Andrew Neupert,,,,,,,,,,,Graduate Assistant - Defense
0,,,,Matt Hassan,,,,,,,,,,,"Assistant Athletics Director, Football Operations"
1,,,,Robert Stiner,,,,,,,,,,,Head Strength & Conditioning Coach
2,,,,Ryan Smith,,,,,,,,,,,General Manager
3,,,,Adrian Peterson,,,,,,,,,,,Director of Student-Athlete Development
4,,,,Andy Harris,,,,,,,,,,,Director of Equipment Operations
5,,,,Milan Turner,,,,,,,,,,,Director of High School Relations
6,,,,Nick Sparacio,,,,,,,,,,,Head Football Athletic Trainer
7,,,,Daniel Benedict,,,,,,,,,,,Video Coordinator
8,,,,Eliza Petersen,,,,,,,,,,,Director of Football Nutrition
9,,,,Sam Medlock,,,,,,,,,,,"Assistant S&C Coach, Football"
10,,,,Sam Zanders Jr.,,,,,,,,,,,"Assistant S&C Coach, Football"
11,,,,Andrew Bevill,,,,,,,,,,,Assistant Director of Player Personnel
12,,,,Eli Boswell,,,,,,,,,,,"Assistant Manager, Equipment Services"
13,,,,Ashley Allenstein,,,,,,,,,,,Assistant Athletic Trainer
14,,,,Cal King,,,,,,,,,,,Analyst - Defense
15,,,,Bryan Schor,,,,,,,,,,,Analyst - Offense
16,,,,Blake Wilson,,,,,,,,,,,Analyst - Special Teams
17,,,,Rachel Cooper,,,,,,,,,,,Football Operations Assistant
18,,,,Bryan Johnston,,,,,,,,,,,"Senior Associate Athletics Director, Communications"
19,,,,Dr. Brandonn Harris,,,,,,,,,,,Sport Psychologist
20,,,,Thomas Hearn,,,,,,,,,,,Volunteer Assistant
21,,,,Jarae Thurmond,,,,,,,,,,,Volunteer Assistant
22,,,,Connor Lawson,,,,,,,,,,,Recruiting Assistant
23,,,,Kennedy Joerger,,,,,,,,,,,On-Campus Recruiting
24,,,,Matt Wise,,,,,,,,,,,Character Development Volunteer
