,Statistic,#,Full Name,Pos.,Ht.,Wt.,Academic Year,Major,Hometown / High School,Previous School,Twitter,Instagram,Opendorse,Image,Name,Title
0,,0.0,Greg China-Rose,DL,6-2,295.0,R-Sr.,Family Science,"Los Angeles, CA / DeMatha Catholic",Lackawanna College,Gregrose24,globalgreg46,gregory-rose,,,
1,,1.0,Jaishawn Barham,LB,6-3,230.0,Fr.,,"District Heights, MD / St. Frances Academy",,JaishawnBarham,jaishawnbarham,jaishawn-barham,,,
2,,1.0,Rakim Jarrett,WR,6-0,190.0,Jr.,Criminology & Criminal Justice,"Palmer Park, MD / St. John’s College",,RakimJarrett,Rakimjarrett,rakim-jarrett,,,
3,,2.0,Jakorian Bennett,DB,5-11,195.0,Sr.,Family Science,"Mobile, AL / McGill-Toolen HS",Hutchinson CC,Jakorian23,jakorian__,jakorian-bennett,,,
4,,2.0,Jacob Copeland,WR,6-0,202.0,Jr.,Sociology,"Pensacola, FL / Escambia",Florida,JCope1era,spg_jabo,jacob-copeland,,,
5,,3.0,Deonte Banks,DB,6-2,205.0,R-Jr.,Family Science,"Baltimore, MD / Edgewood",,IamDeonteBanks_,Taebanks3_,deonte-banks,,,
6,,3.0,Taulia Tagovailoa,QB,5-11,200.0,R-Jr.,Family Science,"Ewa Beach, HI / Thompson",Alabama,Tauliaa12,Taulia5,taulia-tagovailoa,,,
7,,4.0,Shaleak Knotts,WR,6-2,175.0,Fr.,Undecided (Letters and Science),"Monroe, NC / Monroe",,,,shaleak-knotts,,,
8,,4.0,Tarheeb Still,DB,6-0,185.0,Jr.,Criminal Justice,"Sicklerville, NJ / Timber Creek Regional",,Tarheebstill,tarheeb_,tarheeb-still,,,
9,,5.0,Quashon Fuller,DL,6-3,270.0,R-So.,Sociology,"Fort Myers, FL / Lehigh Senior",Florida State,,,quashon-fuller,,,
10,,6.0,Corey Coley Jr.,DB,6-2,180.0,So.,Undecided (Letters and Sciences),"Jacksonville, FL / Trinity Christian Academy",,CoreyColeyJr,C.Slime_,corey-coley-jr,,,
11,,6.0,Jeshaun Jones,WR,6-2,185.0,R-Sr.,M.Prof.Studies: Technology Entrepreneurship,"Fort Myers, FL / South Fort Myers",,JeshaunJones06,Jeshaun_j,jeshaun-jones,,,
12,,7.0,Dontay Demus Jr.,WR,6-4,215.0,Sr.,Family Science,"Washington, DC / Friendship Collegiate",,_Godof5,_Godof5,dontay-demus,,,
13,,7.0,Jayon Venerable,DB,5-11,205.0,So.,Undecided (Letters & Sciences),"Annapolis, MD / Archbishop Spalding",,Jayzvenerable,thechosenwon7,jayon-venerable,,,
14,,8.0,Ramon Brown,RB,6-0,212.0,Fr.,,"Richmond, VA / Manchester",,,,2krkbdknq,,,
15,,8.0,Vandarius Cowan,LB,6-4,253.0,Sr.,African/American Studies,"Palm Beach Gardens, FL / Palm Beach Gardens",West Virginia,vandarius98,vandariuscowan,vandarius-cowan,,,
16,,9.0,Billy Edwards Jr.,QB,6-3,207.0,R-Fr.,Undecided (Letters and Science),"Springfield, VA / Lake Braddock",Wake Forest,Billy_Edwards4,billy_edwards4/,billy-edwards-jr,,,
17,,9.0,Fa'Najae Gotay,LB,6-0,220.0,R-Sr.,Criminology & Criminal Justice,"Fort Myers, FL / North Fort Myers",,Fa_gotay,Gotay239,fanajae-gotay,,,
18,,10.0,Tyler Baylor,DL,6-4,265.0,R-Sr.,Communications,"Silver Spring, MD / Good Counsel",,KinggBaylor,tybaylor,tyler-baylor,,,
19,,10.0,Tai Felton,WR,6-1,185.0,So.,Undecided (Letters & Sciences),"Ashburn, VA / Stone Bridge",,Playboytaishar,Playboytaishar,taishar-felton,,,
20,,11.0,Ruben Hyppolite II,LB,6-0,230.0,Jr.,Communications,"Fort Lauderdale, Fla. / McArthur",,Rubenknows1,Rubenknows,ruben-hyppoliteii,,,
21,,12.0,Ryan Duell,QB,6-3,220.0,R-Fr.,Economics and Finance,"West Chester, PA / West Chester East",,,ryduell,ryan-duell,,,
22,,12.0,Cameron Edge,QB,6-2,210.0,Fr.,Undecided (Letters and Science),"Clayton, DE / Smyrna",,cameron_edge2,cameron_edge12,profile/cameron-edge?from=maryland-terrapins,,,
23,,12.0,Dante Trader Jr.,DB,6-0,190.0,So.,Letters and Sciences,"Delmar, DE / McDonogh",,DizzyDante,Dante.trader,dante-trader-jr,,,
24,,13.0,Glendon Miller,DB,6-3,195.0,R-So.,Undecided (Letters & Sciences),"Orange Park, FL / Ridgeview",,GlenMiller_,8Way_g,glendon-miller,,,
25,,13.0,Jayden Sauray,QB,6-0,205.0,Fr.,Undecided (Letters and Science),"Lanham, MD / Wise",,,,jayden-sauray-profile,,,
26,,14.0,David Foust,QB,6-3,210.0,R-So.,Marketing and Supply Chain Management,"Edgewater, MD / South River",,DFoust13,_Dfoust13,david-foust,,,
27,,14.0,Isaiah Hazel,DB,6-1,205.0,Sr.,Family Science,"Largo, MD / Wise",,Thats_zay,zayhazel_,isaiah-hazel,,,
28,,15.0,Octavian Smith Jr.,WR,6-1,170.0,Fr.,,"Burtonsville, MD / Paint Branch",,,,octavian-smith-jr,,,
29,,15.0,Riyad Wilmot,DL,6-3,255.0,R-So.,Criminology & Criminal Justice,"Ft. Lauderdale, FL / St. Thomas Aquinas",,Riyad_wilmot,Riyad.wilmot,riyad-wilmot,,,
30,,16.0,Leon Haughton Jr.,WR,6-4,210.0,Fr.,Undecided (Letters and Science),"Richmond, VA / Benedictine College Prep",,,,leon-haughton,,,
31,,17.0,Lionell Whitaker,DB,5-11,175.0,Fr.,,"Miami, FL / Rickards",,LionellWhitaker,,lionell-whitaker,,,
32,,18.0,CJ Dippre,TE,6-5,260.0,So.,Undecided (Letters & Sciences),"Scranton, PA / Lakeland",,CjDippre,cjdippre,cj-dippre-profile,,,
33,,18.0,John Griffith,QB,6-0,210.0,Fr.,Undecided (Letters and Science),"Linthicum, MD / St. Frances Academy",,Johngriffith22,official.johngriffith,john-griffith-profile,,,
34,,19.0,Ahmad McCullough,LB,6-2,225.0,R-Sr.,M.Prof.Studies: Technology Entrepreneurship,"Baltimore, MD / Mount Saint Joseph",,_Amaud19,amac19_,ahmad-mccullough,,,
35,,19.0,Weston Wolff,TE,6-4,230.0,R-Fr.,Finance,"Venice, FL / Venice",,WesWolff,Westonwolff,weston-wolff-profile,,,
36,,20.0,Perry Fisher,DB,6-3,186.0,Fr.,,"Tallahassee, FL / Lincoln",,,,perry-fisher,,,
37,,21.0,Gereme Spraggins,LB,6-3,250.0,Sr.,Family Science,"Baltimore, MD / Arundel",Hutchinson CC,Fox45worm,espn.worm,worm-spraggins,,,
38,,22.0,Raymon Brown Jr.,LB,6-0,210.0,Fr.,,"Richmond, VA / Manchester",,,,raymon-brown,,,
39,,22.0,Eric Najarian,QB,6-4,210.0,R-Jr.,Marketing,"Crofton, MD / DeMatha Catholic",,NajarianEric,Eric_najarian,eric-najarian,,,
40,,23.0,Colby McDonald,RB,5-11,210.0,So.,Undecided (Letters and Sciences),"Accokeek, MD / St. John’s College",,1Kcmc,Colby3k,colby-mcdonald,,,
41,,24.0,Chantz Harley,DB,6-1,195.0,So.,Kinesiology,"Upper Marlboro, MD / Landon School",Villanova,,,chantz-harley,,,
42,,24.0,Roman Hemby,RB,6-0,200.0,R-Fr.,Communications,"Edgewood, MD / John Carroll",,R_h3mby,R_h3mby,roman-hemby,,,
43,,25.0,Beau Brade,DB,6-1,200.0,Jr.,Management,"Clarksville, MD / River Hill",,Bebrade02,beaubrade,beau-brade,,,
44,,26.0,David DeGuzman,WR,6-1,220.0,Fr.,,"Patuxent, MD / Patuxent",,,,,,,
45,,26.0,Gavin Gibson,DB,5-11,175.0,Fr.,Criminal Justice,"Hickory, NC / William Amos Hough",,Gibson5Gavin,g5_gibson,gavin-gibson,,,
46,,27.0,Caleb Atogho,DB,6-0,170.0,Fr.,,"Baltimore, MD / Franklin",,,calebatogho,caleb-atogho,,,
47,,27.0,Eli Mason,RB,6-1,210.0,Fr.,Undecided (Letters and Science),"Ashburn, VA / Stone Bridge",,elimason26,elimason26,eli-mason,,,
48,,29.0,Challen Faamatau,RB,5-11,225.0,Sr.,Sociology,"Kalihi, HI / Farrington",Coffeyville Community College,CFaamatau,Challenfaamatau,challen-faamatau,,,
49,,29.0,Ian Maloney,LB,6-2,210.0,R-Fr.,Undecided (Letters and Science),"Belle Vernon, PA / Belle Vernon Area",Louisville,Ian_Maloney13,ianwmaloney,ian-maloney,,,
50,,30.0,Justin Hunter,WR,6-3,180.0,Fr.,,"Baltimore, MD / Concordia Prep",,,,,,,
51,,30.0,Durell Nchami,LB,6-4,260.0,R-Sr.,Family Science,"Silver Spring, MD / Paint Branch",,Superdurell,Superdurell,durell-nchami,,,
52,,31.0,Andrew Booker,LB,6-3,238.0,Fr.,,"Cincinnati, OH / Winton Woods",,andrew_rashad,,bam-booker,,,
53,,31.0,Antwain Littleton II,RB,6-0,235.0,R-Fr.,Undecided (Letters & Sciences),"Greenbelt, MD / St. John’s College",,7Golivee,7Golivee,antwain-littleton,,,
54,,32.0,Shane Mosley,DB,5-11,205.0,R-So.,Economics,"Havertown, PA / Haverford",,_Shanemosley3,_Shanemosley3,shane-mosley-profile,,,
55,,33.0,Mosiah Nasili-Kite,DL,6-2,310.0,R-Sr.,Family Science,"Pittsburg, CA / Emerald Ridge",Independence CC,mosiahkite,mosiahkite,mosiah-nasili-kite,,,
56,,34.0,Lavain Scruggs,DB,6-2,190.0,Fr.,Architecture,"Baltimore, MD / Archbishop Spalding",,,,lavain-scruggs,,,
57,,35.0,Joseph Bearns III,FB,6-1,280.0,R-Fr.,Kinesiology,"Huntingtown, MD / St. Frances Academy",,JoeBearns,Jbearns3,joseph-bearns-iii,,,
58,,35.0,Kobi Thomas,LB,6-1,235.0,Sr.,Criminology and Criminal Justice,"Largo, MD / DeMatha Catholic",,KobiThomas,,kobi-thomas,,,
59,,36.0,Owura Berko,DB,6-0,195.0,R-Jr.,Biology,"Crofton, MD / The Severn School",,Berko_owura,__Owura__,owura-serebourowura-berko,,,
60,,36.0,Aeneas Smith,RB,5-9,220.0,Fr.,Undecided (Letters and Science),"Columbia, MD / Archbishop Spalding",,,,aeneas-smith,,,
61,,37.0,Jordan Cannon,LB,5-11,210.0,Fr.,Management,"Southfield, MI / St. Mary's",,,,jordan-cannon,,,
62,,38.0,Chad Ryland,K,6-0,183.0,Sr.,,"Lebanon, PA / Cedar Crest",Eastern Michigan,C_Ryland38,c.ryland38,chad-ryland,,,
63,,39.0,Daniel Owens,DL,6-2,245.0,Fr.,Letters and Science,"Pikesville, MD / Calvert Hall",,DO__x11,d_owens27,daniel-owens,,,
64,,40.0,Taizse Johnson,DL,6-1,310.0,So.,Undecided (Letters and Science),"District Heights, MD / St. John’s College",,TaizseJohnson,aliasta_,taizse-johnson,,,
65,,41.0,Rex Fleming,DB,5-11,195.0,Jr.,Kinesiology,"Owings, MD / Northern",,RexFleming8,Rexfleming,rex-fleming,,,
66,,42.0,Kameron Blount,LB,6-3,240.0,R-Jr.,Family Science,"Waldorf, MD / St. Charles",,Kameronblount4,kblount4,kameron-blount,,,
67,,43.0,Brenden Segovia,P,6-1,230.0,R-Fr.,Undecided (Letters and Sciences),"Los Angeles, CA / Oaks Christian School",,Brenden_segovia,Brendenxsegovia,brenden-segovia,,,
68,,44.0,Caleb Wheatland,LB,6-2,235.0,Fr.,Communications,"Centreville, VA / Avalon School",,CalebWheatland,caleb_wheatland,caleb-wheatland,,,
69,,45.0,Jake Foggia,LS,5-11,230.0,R-So.,Undecided (Letters & Sciences),"West Long Branch, NJ / Red Bank Catholic",Oregon,Foggia_jake,Jake_foggia56,jake-foggia,,,
70,,45.0,Kellan Wyatt,LB,6-1,225.0,Fr.,,"Glen Burnie, MD / Archbishop Spalding",,KellanWyatt,go1ivee__,kellan-wyatt,,,
71,,47.0,Harrison Beattie,K,5-11,195.0,R-So.,Undecided (Letters and Sciences),"Phoenix, MD / McDonogh",Oregon,Hbeattie9,Hbeattie1_,harrison-beattie,,,
72,,47.0,Maxwell Brown,TE,6-4,200.0,R-Fr.,Undecided (Letters and Sciences),"Olney, MD / Sherwood",,,Og.maxbrown,maxwell-brown,,,
73,,48.0,Terrance Butler Jr.,LB,6-3,225.0,R-Fr.,Undecided (Letters & Sciences),"Baltimore, Md. / Saint Frances Academy",,_Terrancebutler,Tjbutlerr,terrance-butler,,,
74,,49.0,David Brownlee,LB,6-1,230.0,Sr.,Management,"Clinton, MD / Bishop McNamara",,AyyooDaVe,Ayyoodj,david-brownlee,,,
75,,50.0,Johari Branch,OL,6-3,330.0,Sr.,Family Science,"Chicago, IL / Phillips Academy",,Dafamous_Hari,Dafamous_Hari,johari-branch,,,
76,,50.0,Alex Simet,LB,5-10,220.0,Sr.,Finance,"Towson, MD / Towson",,AlexAlexsimet58,Alexsimet,alexanderalex-simet,,,
77,,51.0,Coltin Deery,OL,6-4,295.0,Fr.,Archaeology,"Glen Mills, PA / Malvern Prep",,,coltin.deery,coltin-deery,,,
78,,51.0,Josh Morris,LB,6-2,215.0,Jr.,Sociology,"Glendale, MD / Gonzaga College",,,realjmorris,josh-morris-profile,,,
79,,52.0,Keon Kindred,OL,6-5,281.0,Fr.,Management,"South Bay, FL / Everglades Preparatory Academy",,,,keon-kindred,,,
80,,53.0,Sean Greeley,LB,6-0,220.0,Sr.,Kinesiology,"Havre de Grace, MD / Havre de Grace",,Seangreeley12,Iamseangreeley,sean-greeley,,,
81,,54.0,Spencer Anderson,OL,6-5,320.0,R-Sr.,Business and Management,"Bowie, MD / Bishop McNamara",,Ayo_spence,sathereal_,spencer-anderson,,,
82,,54.0,Ami Finau,DL,6-2,320.0,Sr.,Family Science,"Kahuku, Hawaii / Euless Trinity",Independence Community College,Finau_ami,William_finau,viliamiami-finau,,,
83,,55.0,Andre Roye Jr.,OL,6-6,320.0,Fr.,Letters and Science,"District Heights, MD / St. Frances Academy",,AndreRoyeJr,drecinco5,andre-roye-jr,,,
84,,57.0,Isaac Bunyun,DL,6-3,300.0,R-So.,Public Policy,"Accra, Ghana / High Point",,Ibunyun_,Ibunyun,isaac-bunyun,,,
85,,57.0,Ja'Kavion Nonar,OL,6-7,280.0,Fr.,Letters and Science,"Belle Glade, FL / Everglades Prep Academy",,,jayfrom6ix_,jakavion-nonar,,,
86,,59.0,Ethan Gough,LS,6-1,205.0,R-Fr.,Undecided (Letters & Sciences),"Owings, MD / DeMatha Catholic",,Ethangough10,Ethan_gough_,ethan-gough,,,
87,,60.0,Khristopher Love,OL,6-3,315.0,R-So.,Family Science,"Miami Gardens, FL / American Heritage",,Khrislove1,60k.love,khristopher-love,,,
88,,63.0,Clayton Allen,OL,6-5,325.0,R-Fr.,Undecided (Letters and Sciences),"Huntingtown, MD / St. Mary's Ryken",,Clayton23Allen,Clayton_allen23,clayton-allen-profile,,,
89,,64.0,Marcus Finger,OL,6-6,315.0,R-Jr.,Digital Media,"Fort Myers, FL / Fort Myers",,Marcus_finger,Marcus_finger,marcus-finger,,,
90,,66.0,Aric Harris,OL,6-2,310.0,Jr.,Family Science,"Pensacola, FL / Escambia",Hutchinson CC,ESPN_woody,Lilwoody850,aric-harris,,,
91,,67.0,Tommy Varhall,OL,6-8,315.0,R-Fr.,Undecided (Letters & Sciences),"Overland Park, KS / IMG Academy",,Tommyvarhall77,Tommy.varhall,thomas-varhall,,,
92,,68.0,Sean Wilkins,OL,6-4,310.0,R-So.,Economics-B.S.,"Gambrills, MD / Arundel",,Seanwilkins68,Sean.wilkins68,sean-wilkins,,,
93,,70.0,Amelio Morán,OL,6-5,310.0,R-Sr.,Sociology,"Virginia Beach, VA / Princess Anne",Lackawanna College,AmelioMoran,Amelio_moran,amelio-moran,,,
94,,71.0,Jaelyn Duncan,OL,6-6,320.0,R-Sr.,Family Science,"New Carrollton, MD / St. Frances Academy",,King_jay70,__Bigdawgjay__,jaelyn-duncan,,,
95,,72.0,Conor Fagan,OL,6-8,285.0,R-So.,Economics,"Clarksburg, MD / Gonzaga College",,Conorjfagan,conorfagan72,conor-fagan,,,
96,,74.0,Delmar Glaze,OL,6-5,305.0,R-So.,Family Science,"Charlotte, NC / West Mecklenburg",,Drglazejr,Delmar.glaze,delmardj-glazejr-profile,,,
97,,75.0,Ja'Khi Green,OL,6-5,310.0,R-So.,Criminal Justice,"Palmer Park, MD / St. Frances Academy",,JakhiGreen,Topdawgtank,jakhi-green,,,
98,,76.0,Kyle Long,OL,6-5,325.0,R-Fr.,Undecided (Letters & Sciences),"St. Louis, MO / Hazelwood Central",,K_Long75,Seven6iixx,kyle-long-profile,,,
99,,77.0,Maximus McCree,OL,6-6,285.0,So.,Family Science,"Kansas City, MO / Grandview",Iowa Central CC,MaximusMcCree75,,maximus-mccree,,,
100,,78.0,Mason Lunsford,OL,6-7,305.0,R-Jr.,Criminology and Criminal Justice,"Olney, MD / Good Counsel",,Lunsford_Mason,masonlunsford_78,mason-lunsford,,,
101,,80.0,Terrance Ellis II,TE,6-4,240.0,Gr.,,"Stockbridge, GA / Woodland",Alabama State,Terrance_03,_terrance_3,terrance-ellis-ii,,,
102,,81.0,Kai Holloway,WR,5-10,175.0,R-Fr.,Undecided (Letters & Sciences),"Rockville, MD / Walter Johnson",,kholloway51,kaiholloway,kholloway51,,,
103,,82.0,Leron Husbands,TE,6-3,230.0,R-Fr.,Undecided (Letters and Sciences),"Seat Pleasant, MD / Archbishop Carroll",,Leronofficial,Leronofficial,leron-husbands,,,
104,,83.0,Joshua Jennings,TE,6-5,240.0,Fr.,Undecided (Letters and Science),"Frederick, MD / Good Counsel",,,j.jennings8,joshua-jennings,,,
105,,84.0,Corey Dyches,TE,6-2,220.0,R-So.,Family Science,"Oxon Hill, MD / Potomac",,Cdychh,Cdychh,corey-dyches,,,
106,,85.0,Preston Howard,TE,6-6,220.0,Fr.,Undecided (Letters and Science),"Arbutus, MD / McDonogh",,,the.prestonhoward,preston-howard,,,
107,,86.0,Shane Carroll,WR,6-1,185.0,Fr.,,"Olney, MD / Good Counsel",,,,shane-carroll,,,
108,,87.0,Robert Smith,WR,6-1,190.0,R-Fr.,Undecided (Letters and Science),"Houston, TX / Strake Jesuit College Preparatory",,Robertosmity13,_robwick,robert-smith,,,
109,,88.0,Anthony Booker Jr.,DL,6-4,320.0,R-Jr.,Family Science,"Cincinnati, OH / Winton Woods",,Arbj14_,,anthony-booker,,,
110,,88.0,Khalid Jones,WR,6-1,175.0,R-Fr.,Undecided (Letters and Science),"Clarksburg, MD / Quince Orchard",,,,khalid-jones,,,
111,,91.0,Jack Howes,K/P,6-0,195.0,R-Fr.,Civil Engineering,"Orlando, FL / Edgewater",,JackHowes06,jack_howes91,jack-howes,,,
112,,91.0,Christian Teague,DL,6-5,255.0,Jr.,Sociology,"Hagerstown, MD / North Hagerstown",Morgan State,,,christian-teague,,,
113,,92.0,Henry Chibueze,DL,6-3,310.0,Sr.,Undecided (Letters and Science),"Woodbridge, VA / Woodbridge",Liberty,,,henry-chibueze,,,
114,,95.0,Austin Fontaine,DL,6-3,260.0,R-Sr.,African American Studies,"Waldorf, MD / DeMatha Catholic",,Fontaine_austin,fontaine55_,austin-fontaine,,,
115,,98.0,Anthony Pecorella,P,6-3,212.0,Sr.,Finance,"Malverne, NY / Chaminade",,Ant_Pec21,Ant_pec98,anthony-pecorella,,,
116,,99.0,Tommy Akingbesote,DL,6-4,310.0,So.,Undecided (Letters & Sciences),"Largo, MD / Charles Herbert Flowers",,Famousstommm,Famouss.tommm,tommy-akingbesote,,,
117,,99.0,Colton Spangler,P,6-0,185.0,Sr.,Architecture,"Pasadena, MD / Chesapeake",,C_spangler12,Spanglercolton,colton-spangler,,,
0,,,,,,,,,,,,,,,Michael Locksley,Head Coach
1,,,,,,,,,,,,,,,Brian Williams,Defensive Coordinator/Defensive Line Coach
2,,,,,,,,,,,,,,,Gunter Brewer,Wide Receivers Coach/Passing Game Coordinator
3,,,,,,,,,,,,,,,Lance Thompson,Inside Linebackers Coach
4,,,,,,,,,,,,,,,Elijah Brooks,Running Backs Coach
5,,,,,,,,,,,,,,,Henry Baker,Cornerbacks Coach
6,,,,,,,,,,,,,,,Brian Braswell,Offensive Line Coach
7,,,,,,,,,,,,,,,James Thomas Jr.,Special Teams Coordinator/Outside Linebackers
0,,,,,,,,,,,,,,,Abir Chaudhry,Director of Football Operations
1,,,,,,,,,,,,,,,Annie Peppard,Associate Director of Football Operations
2,,,,,,,,,,,,,,,Matt Konapelsky,Coordinator of Football Operations
3,,,,,,,,,,,,,,,Abby Gorun,Administrative Assistant to the Head Coach
4,,,,,,,,,,,,,,,Alana Tauber,Football Operations Assistant
5,,,,,,,,,,,,,,,Ryan Davis,Director of Football Strength and Conditioning
6,,,,,,,,,,,,,,,Wesley Bordelon,Associate Director of Football Strength & Conditioning
7,,,,,,,,,,,,,,,Jason Wooding,Assistant Strength and Conditioning Coach for Football
8,,,,,,,,,,,,,,,Brison Manor III,Assistant Strength and Conditioning Coach for Football
9,,,,,,,,,,,,,,,Jake Vieux,Assistant Strength & Conditioning Coach for Football
10,,,,,,,,,,,,,,,Sam Contorno,Coordinator of Sports Science
11,,,,,,,,,,,,,,,Jimmie Johnson,Offensive Analyst
12,,,,,,,,,,,,,,,AJ Reisig,Defensive Analyst
13,,,,,,,,,,,,,,,Louis Swaba,Quality Control - Offense
14,,,,,,,,,,,,,,,Grant Dickerson,Quality Control - Special Teams
15,,,,,,,,,,,,,,,Matt Simon,Quality Control - Defense
16,,,,,,,,,,,,,,,Kyle Edwards,Graduate Assistant - Offense
17,,,,,,,,,,,,,,,Brett Kulka,Graduate Assistant - Defense
18,,,,,,,,,,,,,,,Tim Morris,Graduate Assistant - Offense
19,,,,,,,,,,,,,,,Quincy Kahlert,Graduate Assistant - Defense
20,,,,,,,,,,,,,,,Jerry Prutos,Offensive Assistant
21,,,,,,,,,,,,,,,Erik Highsmith,Offensive Assistant
22,,,,,,,,,,,,,,,Kevin Glover,Director of Player Development
23,,,,,,,,,,,,,,,Charlie Harley,Director of Character & Leadership Development
24,,,,,,,,,,,,,,,Gerald Dixon,"General Manager, Recruiting"
25,,,,,,,,,,,,,,,Tommy Paolucci,Director of Recruiting Operations
26,,,,,,,,,,,,,,,Patty Maye Ohanian,Director of On-Campus Recruiting
27,,,,,,,,,,,,,,,Jeremy Shapiro,Coordinator of Player Personnel
28,,,,,,,,,,,,,,,Brantley Mathis,Recruiting Analyst Assistant
29,,,,,,,,,,,,,,,Grace Hildebrandt,Recruiting Analyst
30,,,,,,,,,,,,,,,Joel Oluyole,Recruiting Analyst
31,,,,,,,,,,,,,,,Brandon Tamres,Recruiting Analyst
32,,,,,,,,,,,,,,,Marcus Thomas,Recruiting Analyst
33,,,,,,,,,,,,,,,Gary Wortham,Recruiting Analyst
34,,,,,,,,,,,,,,,"Brian Simerville, MA, ATC",Director of Athletic Training/Head Football Athletic Trainer
35,,,,,,,,,,,,,,,Drew Hampton,Senior Director of Football Equipment Operations
36,,,,,,,,,,,,,,,Jason Smith,Director of Equipment Operations
37,,,,,,,,,,,,,,,Nathaniel Park,Assistant Manager
38,,,,,,,,,,,,,,,Lauren Antle,Director of Football Nutrition
39,,,,,,,,,,,,,,,Dustin Semonavick,Media Relations
40,,,,,,,,,,,,,,,Ben Kessler,Media Relations
41,,,,,,,,,,,,,,,Trevin Kalick,Creative Content Designer
42,,,,,,,,,,,,,,,Chad Wells,Director of Football Technology
43,,,,,,,,,,,,,,,Zack Schabbel,Assistant Video Coordinator
44,,,,,,,,,,,,,,,Corey Raymond,Marketing Strategy & Fan Experience
45,,,,,,,,,,,,,,,Devon Frieson,Academic Support & Career Development
46,,,,,,,,,,,,,,,Kendall George,Academic Support & Career Development
47,,,,,,,,,,,,,,,Mckenzie Quick,Academic Support & Career Development
48,,,,,,,,,,,,,,,Marie Brown,Ticket Operations
49,,,,,,,,,,,,,,,Scott Carter,"Director of Facilities, Operations & Events"
